{
  "signal_simple_10s": {
    "n_signals": 1744,
    "n_buy": 313,
    "n_sell": 1431,
    "ic": 0.0687897948015439,
    "t_stat": 2.877915754895047,
    "hit_rate": 0.2717889908256881,
    "avg_return_bps": 0.08384805307154974,
    "avg_return_std": 1.0719530115924272,
    "sharpe_per_trade": 0.07821989598141832,
    "buy_avg_return": 0.1156455952966464,
    "sell_avg_return": -0.0768930351005817
  },
  "signal_simple_30s": {
    "n_signals": 1744,
    "n_buy": 313,
    "n_sell": 1431,
    "ic": 0.059174146944568615,
    "t_stat": 2.4677035160988128,
    "hit_rate": 0.37844036697247707,
    "avg_return_bps": 0.15251194369327795,
    "avg_return_std": 1.9544040439123398,
    "sharpe_per_trade": 0.07803501234073122,
    "buy_avg_return": 0.14908035419784166,
    "sell_avg_return": -0.1532584649168465
  },
  "signal_simple_60s": {
    "n_signals": 1744,
    "n_buy": 313,
    "n_sell": 1431,
    "ic": 0.049857887136605036,
    "t_stat": 2.0727310793478475,
    "hit_rate": 0.45642201834862384,
    "avg_return_bps": 0.1579452331047532,
    "avg_return_std": 2.736688805668824,
    "sharpe_per_trade": 0.05771399099956536,
    "buy_avg_return": 0.20901969586210659,
    "sell_avg_return": -0.1467636769926208
  },
  "signal_simple_120s": {
    "n_signals": 1744,
    "n_buy": 313,
    "n_sell": 1431,
    "ic": 0.05746279389229927,
    "t_stat": 2.3857037781204173,
    "hit_rate": 0.46043577981651373,
    "avg_return_bps": 0.3596396733588061,
    "avg_return_std": 3.946097541865376,
    "sharpe_per_trade": 0.09113805969927584,
    "buy_avg_return": 0.19470940728971356,
    "sell_avg_return": -0.39590093753002514
  },
  "signal_combined_10s": {
    "n_signals": 848,
    "n_buy": 134,
    "n_sell": 714,
    "ic": -0.031625486752546936,
    "t_stat": -0.9203217655190729,
    "hit_rate": 0.15566037735849056,
    "avg_return_bps": -0.04898665261681207,
    "avg_return_std": 1.0197965551167452,
    "sharpe_per_trade": -0.04803571101139929,
    "buy_avg_return": -0.03721373124954296,
    "sell_avg_return": 0.05119613645884859
  },
  "signal_combined_30s": {
    "n_signals": 848,
    "n_buy": 134,
    "n_sell": 714,
    "ic": -0.07917831381555854,
    "t_stat": -2.3047717406753634,
    "hit_rate": 0.2275943396226415,
    "avg_return_bps": -0.2596795535188208,
    "avg_return_std": 1.653183551571704,
    "sharpe_per_trade": -0.15707847640767544,
    "buy_avg_return": -0.06151730849787665,
    "sell_avg_return": 0.29707918849460474
  },
  "signal_combined_60s": {
    "n_signals": 848,
    "n_buy": 134,
    "n_sell": 714,
    "ic": -0.05988926242431287,
    "t_stat": -1.7399117044725148,
    "hit_rate": 0.3089622641509434,
    "avg_return_bps": -0.395590279046201,
    "avg_return_std": 2.6198210641781747,
    "sharpe_per_trade": -0.15099896876170657,
    "buy_avg_return": 0.051679493836147915,
    "sell_avg_return": 0.480123635275023
  },
  "signal_combined_120s": {
    "n_signals": 848,
    "n_buy": 134,
    "n_sell": 714,
    "ic": -0.054139980632276936,
    "t_stat": -1.5704947883144318,
    "hit_rate": 0.3596698113207547,
    "avg_return_bps": -0.41085783138734816,
    "avg_return_std": 3.744509511117804,
    "sharpe_per_trade": -0.10972273675804535,
    "buy_avg_return": -0.08052764428458033,
    "sell_avg_return": 0.47346638170102695
  },
  "signal_arrival_spike_10s": {
    "n_signals": 669,
    "n_buy": 669,
    "n_sell": 0,
    "ic": NaN,
    "t_stat": NaN,
    "hit_rate": 0.28998505231689087,
    "avg_return_bps": -0.05527765247611521,
    "avg_return_std": 0.966921358766656,
    "sharpe_per_trade": -0.0571687159138847,
    "buy_avg_return": -0.05527765247611521,
    "sell_avg_return": NaN
  },
  "signal_arrival_spike_30s": {
    "n_signals": 669,
    "n_buy": 669,
    "n_sell": 0,
    "ic": NaN,
    "t_stat": NaN,
    "hit_rate": 0.40508221225710017,
    "avg_return_bps": -0.06662411382207167,
    "avg_return_std": 1.4683094162230568,
    "sharpe_per_trade": -0.04537470990883645,
    "buy_avg_return": -0.06662411382207167,
    "sell_avg_return": NaN
  },
  "signal_arrival_spike_60s": {
    "n_signals": 669,
    "n_buy": 669,
    "n_sell": 0,
    "ic": NaN,
    "t_stat": NaN,
    "hit_rate": 0.44245142002989535,
    "avg_return_bps": -0.13219868072977997,
    "avg_return_std": 2.120304756469439,
    "sharpe_per_trade": -0.062348905420403666,
    "buy_avg_return": -0.13219868072977997,
    "sell_avg_return": NaN
  },
  "signal_arrival_spike_120s": {
    "n_signals": 669,
    "n_buy": 669,
    "n_sell": 0,
    "ic": NaN,
    "t_stat": NaN,
    "hit_rate": 0.47384155455904337,
    "avg_return_bps": -0.254845525788532,
    "avg_return_std": 2.827658001782438,
    "sharpe_per_trade": -0.0901260073243919,
    "buy_avg_return": -0.254845525788532,
    "sell_avg_return": NaN
  }
}